Predictor variable,Categorical,Sample average
ppt11,false,765.7714320591518
tdmean11,false,8.74053612777165
tmean11,false,17.903635365622385
vpdmin11,false,2.23300011243139
