Predictor variable,Categorical,Sample average
ppt9,false,1020.1375034877232
tmean9,false,16.903163841792516
vpdmax9,false,17.930536474500382
