X,Y,Test or train,Raw prediction,Cumulative prediction,Cloglog prediction
1.0,1.0,train,1.8329545108247648E-4,18.21840083987011,0.3926409718054531
2.0,2.0,train,4.235448673444474E-4,44.50368196278567,0.6840613991745668
3.0,3.0,train,5.997610065787066E-4,63.50269281302045,0.8043805476362031
4.0,4.0,train,4.37822259344998E-4,47.12999325995067,0.6960972303477837
5.0,5.0,train,8.400905647466617E-4,84.6915902325536,0.8982640244196437
6.0,6.0,train,7.163406942598282E-4,75.77628321904113,0.8575446039241945
