Predictor variable,Categorical,Sample average
ppt11,false,1108.8016662597656
tdmean11,false,6.124333620071411
tmean11,false,12.971652666727701
vpdmin11,false,1.0458333889643352
