Predictor variable,Categorical,Sample average
ppt11,false,383.3500061035156
tdmean11,false,11.434000968933105
tmean11,false,22.063791275024414
vpdmin11,false,2.43500018119812
