X,Y,Test or train,Raw prediction,Cumulative prediction,Cloglog prediction
1.0,1.0,train,1.4821376736921866E-4,54.45462908928516,0.6771901555773194
2.0,2.0,train,1.322439196590068E-4,48.50984906076756,0.6353660176142675
