Predictor variable,Categorical,Sample average
ppt9,false,1104.9908786349827
tmean9,false,14.480402946472168
vpdmax9,false,15.675889545016819
