Predictor variable,Categorical,Sample average
ppt9,false,1098.6598782009548
tmean9,false,14.989648395114475
vpdmax9,false,16.293445163302952
