Predictor variable,Categorical,Sample average
ppt9,false,1120.9607747395833
tmean9,false,14.598759439256456
vpdmax9,false,15.823222902086046
