Predictor variable,Categorical,Sample average
ppt9,false,1088.4729885525173
tmean9,false,15.355097452799479
vpdmax9,false,16.743667390611435
