Predictor variable,Categorical,Sample average
ppt9,false,1120.2608846028645
tmean9,false,15.442768732706705
vpdmax9,false,16.774000697665745
