X,Y,Test or train,Raw prediction,Cumulative prediction,Cloglog prediction
1.0,1.0,train,5.78655860063337E-5,5.3196011885948,0.41777506968439015
2.0,2.0,train,8.814849281816096E-5,30.260712136246458,0.5613124397638729
3.0,3.0,train,1.4005693252294108E-4,75.14702770028488,0.7299590983840554
4.0,4.0,train,1.4388359287355996E-4,76.92364168411531,0.7394476667379672
5.0,5.0,train,1.232747939283911E-4,62.883815829608835,0.684094083825374
6.0,6.0,train,1.2731523495095932E-4,67.73512242216738,0.6958027247232954
7.0,7.0,train,1.5743772384325337E-4,82.14484091249363,0.7704532920158971
8.0,8.0,train,1.301818241531489E-4,69.88593900939088,0.7038455860608253
9.0,9.0,train,1.4327570030173162E-4,76.62460803045094,0.7379629225253949
