X,Y,Test or train,Raw prediction,Cumulative prediction,Cloglog prediction
1.0,1.0,train,5.6142300393697945E-5,8.348113663215013,0.393740968422037
2.0,2.0,train,1.1381477064293315E-4,47.156592940781714,0.6374292638486658
3.0,3.0,train,1.539988560267048E-4,72.94621009211198,0.7465866646766401
4.0,4.0,train,1.4744014778012075E-4,67.61572332112614,0.731329508894728
5.0,5.0,train,1.7318276377439304E-4,83.35199805551021,0.7864185870930299
6.0,6.0,train,1.1893980327549866E-4,49.86395882886706,0.6536203382492705
7.0,7.0,train,1.4986197530093197E-4,69.57314028303679,0.737067403212209
8.0,8.0,train,1.9573639602595932E-4,89.21721696026123,0.8253163147564269
9.0,9.0,train,1.682816084057675E-4,81.53220238092503,0.7768807038156088
