Predictor variable,Categorical,Sample average
ppt11,false,516.4822184244791
tdmean11,false,8.416889402601454
tmean11,false,19.267138799031574
vpdmin11,false,3.287777966923184
