X,Y,Test or train,Raw prediction,Cumulative prediction,Cloglog prediction
1.0,1.0,train,2.4991896335993795E-4,55.342972547263265,0.6474711104292609
2.0,2.0,train,0.0025313307102665583,96.3283759947304,0.9999740753049745
