Predictor variable,Categorical,Sample average
ppt11,false,688.2749938964844
tdmean11,false,8.869500160217285
tmean11,false,19.975208282470703
vpdmin11,false,4.416000247001648
