X,Y,Test or train,Raw prediction,Cumulative prediction,Cloglog prediction
1.0,1.0,train,2.3321188769485286E-4,23.60479732696841,0.48750627539448765
2.0,2.0,train,3.716710355109184E-4,40.452279113885616,0.6553890373201507
3.0,3.0,train,4.6719837332677227E-4,52.299996953032974,0.737932688464279
4.0,4.0,train,3.6094962591030287E-4,39.03285782224785,0.6446342840353141
5.0,5.0,train,5.105364946167826E-4,55.63742562177392,0.7685464567637292
6.0,6.0,train,5.471777620148074E-4,58.75705719647682,0.7916222596084715
