Predictor variable,Categorical,Sample average
ppt9,false,1104.5234985351562
tmean9,false,11.987798690795898
vpdmax9,false,13.267500559488932
