Predictor variable,Categorical,Sample average
ppt11,false,703.7967899867466
tdmean11,false,9.276536107063293
tmean11,false,18.546404668263026
vpdmin11,false,2.3339644031865254
